{"proxies":{"ti.inappupdate.TiInappupdateModule":{"superPackageName":"org.appcelerator.kroll","methods":{"resumeUpdate":{"runOnUiThread":false,"hasInvocation":false,"args":[],"apiName":"resumeUpdate","converter":"org.appcelerator.kroll.KrollConverter","defaultValueProvider":"org.appcelerator.kroll.KrollConverter","name":"__default_name__","returnType":"void"},"startUpdate":{"runOnUiThread":false,"hasInvocation":false,"args":[],"apiName":"startUpdate","converter":"org.appcelerator.kroll.KrollConverter","defaultValueProvider":"org.appcelerator.kroll.KrollConverter","name":"__default_name__","returnType":"void"},"checkForUpdate":{"runOnUiThread":false,"hasInvocation":false,"args":[],"apiName":"checkForUpdate","converter":"org.appcelerator.kroll.KrollConverter","defaultValueProvider":"org.appcelerator.kroll.KrollConverter","name":"__default_name__","returnType":"void"}},"superProxyBindingClassName":"org.appcelerator.kroll.KrollModuleBindingGen","proxyClassName":"TiInappupdateModule","proxyAttrs":{"propertyAccessors":[],"fullAPIName":"TiInappupdate","name":"TiInappupdate","proxyClassName":"ti.inappupdate.TiInappupdateModule","isTopLevel":false,"id":"ti.inappupdate"},"packageName":"ti.inappupdate","sourceName":"ti.inappupdate.TiInappupdateModuleBindingGen","isTitaniumSdk":false,"superProxyClassName":"KrollModule","isModule":true,"genClassName":"TiInappupdateModuleBindingGen","onAppCreate":"onAppCreate"}},"modules":{"ti.inappupdate.TiInappupdateModule":{"apiName":"TiInappupdate"}}}